{
  "KeywordscAAAA": ["Удали", "Сотри", "Стереть" , "Убери","Уничтожь"],
  "VariablesAAAA": {
    "name":
      {"name_for_request":"Название события", "type":"Тип переменной для распознавания"},
    "time":
      {"name_for_request":"Время", "type":"Тип переменной для распознавания"}
  },

    "Keywords": ["Синоним_1", "Синоним_2", "Синоним_3" ],
  "Variables": {
    "variable_1":
      {"name_for_request":"Строка которую выдавать пользователю для запроса этой переменной, например 'Во сколько' для переменной времени",
        "type":"Тип переменной для распознавания, например числовой промежуток, или имя_города, или название_сайта, что угодно что может распознать  диалоговый агент "
      }
  }



{
  "Keywords": ["Синоним_1", "Синоним_2", …"Синоним_N" ],
"Variables": {
  "variable_1":
    {"name_for_request":"Строка которую выдавать пользователю для запроса этой переменной, например 'Во сколько' для переменной времени",
      "type":"Тип переменной для распознавания, например числовой промежуток, или имя_города, или название_сайта, что угодно что может распознать  диалоговый агент "
.
.
.
}





 }




